-- Add missing operational data to existing tables
-- Only insert data for tables that are currently empty

-- Work Orders (15 records)
INSERT INTO work_order ("作業指示ID", "設備ID", "作業種別ID", "作業内容", "優先度", "計画開始日時", "計画終了日時", "実際開始日時", "実際終了日時", "作業者ID", "状態", "備考") VALUES 
('WO001', 'EQ001', 2, '月次定期点検', '中', '2024-01-15 09:00:00', '2024-01-15 17:00:00', '2024-01-15 09:15:00', '2024-01-15 16:30:00', 'ST001', '完了', '正常'),
('WO002', 'EQ002', 1, '日常点検', '低', '2024-01-16 08:00:00', '2024-01-16 10:00:00', '2024-01-16 08:00:00', '2024-01-16 09:45:00', 'ST002', '完了', '正常'),
('WO003', 'EQ003', 4, '異音対応', '高', '2024-01-17 10:00:00', '2024-01-17 16:00:00', '2024-01-17 10:30:00', '2024-01-17 15:20:00', 'ST003', '完了', 'ベアリング交換'),
('WO004', 'EQ004', 7, '清掃作業', '低', '2024-01-18 14:00:00', '2024-01-18 15:00:00', '2024-01-18 14:10:00', '2024-01-18 14:50:00', 'ST004', '完了', '正常'),
('WO005', 'EQ005', 3, '予防保全', '中', '2024-01-19 09:00:00', '2024-01-19 13:00:00', '2024-01-19 09:20:00', '2024-01-19 12:40:00', 'ST005', '完了', 'フィルタ交換'),
('WO006', 'EQ006', 2, '定期点検', '中', '2024-01-20 10:00:00', '2024-01-20 18:00:00', '2024-01-20 10:15:00', '2024-01-20 17:45:00', 'ST006', '完了', '正常'),
('WO007', 'EQ007', 8, '部品交換', '高', '2024-01-21 08:00:00', '2024-01-21 10:00:00', '2024-01-21 08:30:00', '2024-01-21 09:50:00', 'ST007', '完了', 'オイル交換'),
('WO008', 'EQ008', 1, '日常点検', '低', '2024-01-22 08:00:00', '2024-01-22 10:00:00', '2024-01-22 08:05:00', '2024-01-22 09:30:00', 'ST008', '完了', '正常'),
('WO009', 'EQ009', 6, '校正作業', '中', '2024-01-23 09:00:00', '2024-01-23 12:00:00', '2024-01-23 09:10:00', '2024-01-23 11:45:00', 'ST009', '完了', '精度確認'),
('WO010', 'EQ010', 2, '定期点検', '中', '2024-01-24 13:00:00', '2024-01-24 21:00:00', '2024-01-24 13:20:00', '2024-01-24 20:30:00', 'ST010', '完了', '正常'),
('WO011', 'EQ011', 7, '清掃作業', '低', '2024-01-25 15:00:00', '2024-01-25 16:00:00', NULL, NULL, 'ST001', '計画中', NULL),
('WO012', 'EQ012', 10, '年次検査', '高', '2024-01-26 08:00:00', '2024-01-26 12:00:00', NULL, NULL, 'ST002', '計画中', NULL),
('WO013', 'EQ013', 6, '校正作業', '中', '2024-01-27 10:00:00', '2024-01-27 13:00:00', NULL, NULL, 'ST003', '計画中', NULL),
('WO014', 'EQ014', 1, '日常点検', '低', '2024-01-28 08:00:00', '2024-01-28 10:00:00', NULL, NULL, 'ST004', '計画中', NULL),
('WO015', 'EQ015', 3, '予防保全', '中', '2024-01-29 09:00:00', '2024-01-29 13:00:00', NULL, NULL, 'ST005', '計画中', NULL);

-- Maintenance History (15 records)
INSERT INTO maintenance_history ("履歴ID", "設備ID", "作業指示ID", "実施日", "作業者ID", "業者ID", "作業内容", "作業結果", "使用部品", "作業時間", "コスト", "次回推奨日") VALUES 
('MH001', 'EQ001', 'WO001', '2024-01-15', 'ST001', NULL, '月次定期点検', '良好', 'なし', 7.25, 15000, '2024-02-15'),
('MH002', 'EQ002', 'WO002', '2024-01-16', 'ST002', NULL, '日常点検', '良好', 'なし', 1.75, 3500, '2024-01-17'),
('MH003', 'EQ003', 'WO003', '2024-01-17', 'ST003', NULL, '異音対応', '修理完了', 'ベアリング', 4.83, 25000, '2024-02-17'),
('MH004', 'EQ004', 'WO004', '2024-01-18', 'ST004', NULL, '清掃作業', '完了', 'なし', 0.67, 2000, '2024-02-18'),
('MH005', 'EQ005', 'WO005', '2024-01-19', 'ST005', NULL, '予防保全', '良好', 'エアフィルタ', 3.33, 8000, '2024-04-19'),
('MH006', 'EQ006', 'WO006', '2024-01-20', 'ST006', NULL, '定期点検', '良好', 'なし', 7.5, 16000, '2024-02-20'),
('MH007', 'EQ007', 'WO007', '2024-01-21', 'ST007', NULL, '部品交換', '完了', 'エンジンオイル', 1.33, 5000, '2024-07-21'),
('MH008', 'EQ008', 'WO008', '2024-01-22', 'ST008', NULL, '日常点検', '良好', 'なし', 1.42, 3000, '2024-01-23'),
('MH009', 'EQ009', 'WO009', '2024-01-23', 'ST009', NULL, '校正作業', '校正完了', 'なし', 2.58, 12000, '2024-07-23'),
('MH010', 'EQ010', 'WO010', '2024-01-24', 'ST010', NULL, '定期点検', '良好', 'なし', 7.17, 14000, '2024-02-24'),
('MH011', 'EQ001', 'WO001', '2023-12-15', 'ST001', NULL, '月次定期点検', '良好', 'なし', 7.5, 15000, '2024-01-15'),
('MH012', 'EQ002', 'WO002', '2023-12-16', 'ST002', NULL, '日常点検', '良好', 'なし', 1.83, 3500, '2024-01-16'),
('MH013', 'EQ005', 'WO005', '2023-10-19', 'ST005', NULL, '予防保全', '良好', 'エアフィルタ', 3.5, 8000, '2024-01-19'),
('MH014', 'EQ006', 'WO006', '2023-12-20', 'ST006', NULL, '定期点検', '良好', 'なし', 7.25, 16000, '2024-01-20'),
('MH015', 'EQ007', 'WO007', '2023-07-21', 'ST007', NULL, '部品交換', '完了', 'エンジンオイル', 1.5, 5000, '2024-01-21');

-- Inspection Plans (20 records)
INSERT INTO inspection_plan ("計画ID", "設備ID", "周期ID", "点検項目", "最終点検日", "次回点検日", "担当者ID", "状態", "備考") VALUES 
('IP001', 'EQ001', 4, '回転精度測定', '2024-01-15', '2024-02-15', 'ST001', '計画済', 'マンスリー点検'),
('IP002', 'EQ001', 8, 'オーバーホール', '2023-03-15', '2024-03-15', 'ST001', '計画済', '年次点検'),
('IP003', 'EQ002', 4, '加工精度確認', '2024-01-16', '2024-02-16', 'ST002', '計画済', 'マンスリー点検'),
('IP004', 'EQ002', 6, '主軸交換', '2023-07-16', '2024-01-16', 'ST002', '完了', '四半期点検'),
('IP005', 'EQ003', 4, '研削精度測定', '2024-01-17', '2024-02-17', 'ST003', '計画済', 'マンスリー点検'),
('IP006', 'EQ004', 2, '穴あけ精度確認', '2024-01-18', '2024-01-25', 'ST004', '計画済', 'ウィークリー点検'),
('IP007', 'EQ005', 3, '風量測定', '2024-01-19', '2024-02-02', 'ST005', '計画済', '隔週点検'),
('IP008', 'EQ005', 6, 'フィルタ交換', '2023-10-19', '2024-01-19', 'ST005', '完了', '四半期点検'),
('IP009', 'EQ006', 4, '流量・圧力確認', '2024-01-20', '2024-02-20', 'ST006', '計画済', 'マンスリー点検'),
('IP010', 'EQ006', 7, 'ポンプ分解点検', '2023-07-20', '2024-01-20', 'ST006', '計画済', '半年点検'),
('IP011', 'EQ007', 5, '圧縮空気品質確認', '2024-01-21', '2024-03-21', 'ST007', '計画済', '隔月点検'),
('IP012', 'EQ007', 7, 'オイル交換', '2023-07-21', '2024-01-21', 'ST007', '完了', '半年点検'),
('IP013', 'EQ008', 4, '絶縁抵抗測定', '2024-01-22', '2024-02-22', 'ST008', '計画済', 'マンスリー点検'),
('IP014', 'EQ009', 8, '絶縁試験', '2023-01-23', '2024-01-23', 'ST009', '計画済', '年次点検'),
('IP015', 'EQ009', 4, '負荷試験', '2024-01-23', '2024-02-23', 'ST009', '計画済', 'マンスリー点検'),
('IP016', 'EQ010', 6, '継電器試験', '2023-07-24', '2024-01-24', 'ST010', '計画済', '四半期点検'),
('IP017', 'EQ011', 6, '照度測定', '2023-07-25', '2024-01-25', 'ST001', '計画済', '四半期点検'),
('IP018', 'EQ012', 8, '発電機負荷試験', '2023-01-26', '2024-01-26', 'ST002', '計画済', '年次点検'),
('IP019', 'EQ013', 6, '校正確認', '2023-07-27', '2024-01-27', 'ST003', '計画済', '四半期点検'),
('IP020', 'EQ014', 6, '精度確認', '2023-07-28', '2024-01-28', 'ST004', '計画済', '四半期点検');

-- Anomaly Reports (15 records)
INSERT INTO anomaly_report ("報告ID", "設備ID", "発生日時", "発見者ID", "異常種別", "重大度", "症状", "原因", "対処方法", "状態", "報告日時", "解決日時") VALUES 
('AR001', 'EQ003', '2024-01-17 09:30:00', 'ST003', '異音', '中', '研削時に異音発生', 'ベアリング摩耗', 'ベアリング交換', '解決済', '2024-01-17 09:45:00', '2024-01-17 15:20:00'),
('AR002', 'EQ005', '2024-01-12 14:20:00', 'ST005', '性能低下', '低', '風量不足', 'フィルタ詰まり', 'フィルタ清掃・交換', '解決済', '2024-01-12 14:30:00', '2024-01-19 12:40:00'),
('AR003', 'EQ009', '2024-01-10 10:15:00', 'ST009', '警報', '高', '過負荷警報', '負荷機器異常', '負荷切り離し', '解決済', '2024-01-10 10:20:00', '2024-01-10 11:30:00'),
('AR004', 'EQ006', '2024-01-08 16:45:00', 'ST006', '漏れ', '中', 'オイル漏れ発見', 'パッキン劣化', 'パッキン交換', '解決済', '2024-01-08 17:00:00', '2024-01-09 14:20:00'),
('AR005', 'EQ002', '2024-01-05 11:30:00', 'ST002', '精度異常', '高', '加工寸法不良', '工具摩耗', '工具交換・再調整', '解決済', '2024-01-05 11:45:00', '2024-01-05 16:15:00'),
('AR006', 'EQ011', '2024-01-25 08:00:00', 'ST001', '照明不良', '低', '一部LED点灯せず', 'LED素子故障', 'LED交換予定', '対応中', '2024-01-25 08:15:00', NULL),
('AR007', 'EQ013', '2024-01-24 13:20:00', 'ST003', '指示値異常', '中', '流量計指示値ずれ', 'センサー汚れ', 'センサー清掃予定', '対応中', '2024-01-24 13:30:00', NULL),
('AR008', 'EQ007', '2024-01-23 15:40:00', 'ST007', '振動', '低', '運転時微振動', 'マウント劣化', 'マウント交換予定', '対応中', '2024-01-23 15:50:00', NULL),
('AR009', 'EQ004', '2024-01-22 10:10:00', 'ST004', '動作不良', '中', '送り速度異常', 'モーター異常', 'モーター点検予定', '対応中', '2024-01-22 10:20:00', NULL),
('AR010', 'EQ015', '2024-01-21 14:30:00', 'ST005', '表示異常', '低', '温度表示エラー', '配線接触不良', '配線点検予定', '対応中', '2024-01-21 14:45:00', NULL),
('AR011', 'EQ008', '2024-01-20 09:20:00', 'ST008', '過熱', '高', 'モーター過熱', '冷却ファン故障', 'ファン交換', '解決済', '2024-01-20 09:30:00', '2024-01-20 14:45:00'),
('AR012', 'EQ010', '2024-01-18 11:50:00', 'ST010', '接触不良', '中', '接点焼損', '経年劣化', '接点交換', '解決済', '2024-01-18 12:00:00', '2024-01-18 17:30:00'),
('AR013', 'EQ012', '2024-01-15 07:30:00', 'ST002', '始動不良', '高', '発電機始動せず', 'バッテリー上がり', 'バッテリー交換', '解決済', '2024-01-15 07:45:00', '2024-01-15 09:20:00'),
('AR014', 'EQ001', '2024-01-10 16:20:00', 'ST001', '切削不良', '中', '表面粗さ悪化', '切削油不足', '切削油補給', '解決済', '2024-01-10 16:30:00', '2024-01-10 17:00:00'),
('AR015', 'EQ016', '2024-01-08 13:40:00', 'ST004', '通信エラー', '低', 'PLC通信異常', 'ケーブル接触不良', 'ケーブル点検', '解決済', '2024-01-08 13:50:00', '2024-01-08 15:15:00');