-- Complete CMMS sample data from CSV files
-- Based on data model: https://github.com/ncanis3Mi/pragmateches-cmms-mock/blob/main/docs/data_model.md

-- Note: Master table data might already exist, use ON CONFLICT DO NOTHING if needed

-- Insert data for equipment_type_master
INSERT INTO equipment_type_master ("設備種別ID", "設備種別名", "説明") VALUES (1, '静機器', '静的な機械設備');
INSERT INTO equipment_type_master ("設備種別ID", "設備種別名", "説明") VALUES (2, '回転機', '回転する機械設備');
INSERT INTO equipment_type_master ("設備種別ID", "設備種別名", "説明") VALUES (3, '電気設備', '電気関連設備');
INSERT INTO equipment_type_master ("設備種別ID", "設備種別名", "説明") VALUES (4, '計装設備', '計測・制御設備');
INSERT INTO equipment_type_master ("設備種別ID", "設備種別名", "説明") VALUES (5, '配管設備', '配管・弁類');
INSERT INTO equipment_type_master ("設備種別ID", "設備種別名", "説明") VALUES (6, '建屋設備', '建屋・構造物');
INSERT INTO equipment_type_master ("設備種別ID", "設備種別名", "説明") VALUES (7, '安全設備', '安全関連設備');
INSERT INTO equipment_type_master ("設備種別ID", "設備種別名", "説明") VALUES (8, '環境設備', '環境制御設備');

-- Insert data for work_type_master
INSERT INTO work_type_master ("作業種別ID", "作業種別名", "説明", "標準作業時間") VALUES (1, '日常点検', '定期的な日常点検作業', 2);
INSERT INTO work_type_master ("作業種別ID", "作業種別名", "説明", "標準作業時間") VALUES (2, '定期点検', '月次・年次の定期点検', 8);
INSERT INTO work_type_master ("作業種別ID", "作業種別名", "説明", "標準作業時間") VALUES (3, '予防保全', '予防保全作業', 4);
INSERT INTO work_type_master ("作業種別ID", "作業種別名", "説明", "標準作業時間") VALUES (4, '事後保全', '故障修理・対応作業', 6);
INSERT INTO work_type_master ("作業種別ID", "作業種別名", "説明", "標準作業時間") VALUES (5, 'オーバーホール', '大規模な分解整備', 24);
INSERT INTO work_type_master ("作業種別ID", "作業種別名", "説明", "標準作業時間") VALUES (6, '校正・調整', '計測器の校正・調整', 3);
INSERT INTO work_type_master ("作業種別ID", "作業種別名", "説明", "標準作業時間") VALUES (7, '清掃・清拭', '設備清掃作業', 1);
INSERT INTO work_type_master ("作業種別ID", "作業種別名", "説明", "標準作業時間") VALUES (8, '交換・取替', '部品交換作業', 2);
INSERT INTO work_type_master ("作業種別ID", "作業種別名", "説明", "標準作業時間") VALUES (9, '改造・改修', '設備改造・改修作業', 16);
INSERT INTO work_type_master ("作業種別ID", "作業種別名", "説明", "標準作業時間") VALUES (10, '検査・試験', '各種検査・試験作業', 4);

-- Insert data for staff_master
INSERT INTO staff_master ("担当者ID", "氏名", "部署", "役職", "専門分野", "連絡先") VALUES (ST001, '田中太郎', '保全部', '主任', '機械', 'tanaka@company.com');
INSERT INTO staff_master ("担当者ID", "氏名", "部署", "役職", "専門分野", "連絡先") VALUES (ST002, '鈴木花子', '保全部', '技師', '電気', 'suzuki@company.com');
INSERT INTO staff_master ("担当者ID", "氏名", "部署", "役職", "専門分野", "連絡先") VALUES (ST003, '佐藤次郎', '保全部', '技師', '計装', 'sato@company.com');
INSERT INTO staff_master ("担当者ID", "氏名", "部署", "役職", "専門分野", "連絡先") VALUES (ST004, '山田三郎', '保全部', '係長', '機械', 'yamada@company.com');
INSERT INTO staff_master ("担当者ID", "氏名", "部署", "役職", "専門分野", "連絡先") VALUES (ST005, '高橋美由紀', '保全部', '技師', '配管', 'takahashi@company.com');
INSERT INTO staff_master ("担当者ID", "氏名", "部署", "役職", "専門分野", "連絡先") VALUES (ST006, '渡辺健一', '保全部', '主任', '電気', 'watanabe@company.com');
INSERT INTO staff_master ("担当者ID", "氏名", "部署", "役職", "専門分野", "連絡先") VALUES (ST007, '伊藤智子', '保全部', '技師', '計装', 'ito@company.com');
INSERT INTO staff_master ("担当者ID", "氏名", "部署", "役職", "専門分野", "連絡先") VALUES (ST008, '中村大輔', '保全部', '技師', '機械', 'nakamura@company.com');
INSERT INTO staff_master ("担当者ID", "氏名", "部署", "役職", "専門分野", "連絡先") VALUES (ST009, '小林優子', '品質管理部', '主任', '検査', 'kobayashi@company.com');
INSERT INTO staff_master ("担当者ID", "氏名", "部署", "役職", "専門分野", "連絡先") VALUES (ST010, '加藤雄一', '安全管理部', '係長', '安全', 'kato@company.com');

-- Insert data for contractor_master
INSERT INTO contractor_master ("業者ID", "業者名", "業者種別", "専門分野", "連絡先", "担当者名", "契約開始日", "契約終了日") VALUES (CT001, '東京メンテナンス株式会社', '保全業者', '機械保全', '03-1234-5678', '田村課長', '2023-04-01', '2024-03-31');
INSERT INTO contractor_master ("業者ID", "業者名", "業者種別", "専門分野", "連絡先", "担当者名", "契約開始日", "契約終了日") VALUES (CT002, '関東電気工事株式会社', '電気業者', '電気工事', '03-2345-6789', '石川主任', '2023-04-01', '2024-03-31');
INSERT INTO contractor_master ("業者ID", "業者名", "業者種別", "専門分野", "連絡先", "担当者名", "契約開始日", "契約終了日") VALUES (CT003, '日本計装サービス株式会社', '計装業者', '計装保全', '03-3456-7890', '森田係長', '2023-04-01', '2024-03-31');
INSERT INTO contractor_master ("業者ID", "業者名", "業者種別", "専門分野", "連絡先", "担当者名", "契約開始日", "契約終了日") VALUES (CT004, 'プラント配管工業株式会社', '配管業者', '配管工事', '03-4567-8901', '中島部長', '2023-04-01', '2024-03-31');
INSERT INTO contractor_master ("業者ID", "業者名", "業者種別", "専門分野", "連絡先", "担当者名", "契約開始日", "契約終了日") VALUES (CT005, '安全機器メンテナンス株式会社', '安全設備業者', '安全機器', '03-5678-9012', '吉田主任', '2023-04-01', '2024-03-31');
INSERT INTO contractor_master ("業者ID", "業者名", "業者種別", "専門分野", "連絡先", "担当者名", "契約開始日", "契約終了日") VALUES (CT006, '環境設備サービス株式会社', '環境業者', '環境設備', '03-6789-0123', '松本係長', '2023-04-01', '2024-03-31');
INSERT INTO contractor_master ("業者ID", "業者名", "業者種別", "専門分野", "連絡先", "担当者名", "契約開始日", "契約終了日") VALUES (CT007, '精密機器調整株式会社', '精密機器業者', '精密機器', '03-7890-1234', '井上技師', '2023-04-01', '2024-03-31');
INSERT INTO contractor_master ("業者ID", "業者名", "業者種別", "専門分野", "連絡先", "担当者名", "契約開始日", "契約終了日") VALUES (CT008, '回転機械専門株式会社', '回転機業者', '回転機械', '03-8901-2345', '橋本主任', '2023-04-01', '2024-03-31');

-- Insert data for inspection_cycle_master
INSERT INTO inspection_cycle_master ("周期ID", "周期名", "周期日数", "説明") VALUES (1, '毎日', 1, '毎日実施');
INSERT INTO inspection_cycle_master ("周期ID", "周期名", "周期日数", "説明") VALUES (2, '毎週', 7, '毎週実施');
INSERT INTO inspection_cycle_master ("周期ID", "周期名", "周期日数", "説明") VALUES (3, '隔週', 14, '隔週実施');
INSERT INTO inspection_cycle_master ("周期ID", "周期名", "周期日数", "説明") VALUES (4, '毎月', 30, '毎月実施');
INSERT INTO inspection_cycle_master ("周期ID", "周期名", "周期日数", "説明") VALUES (5, '隔月', 60, '隔月実施');
INSERT INTO inspection_cycle_master ("周期ID", "周期名", "周期日数", "説明") VALUES (6, '四半期', 90, '四半期実施');
INSERT INTO inspection_cycle_master ("周期ID", "周期名", "周期日数", "説明") VALUES (7, '半年', 180, '半年実施');
INSERT INTO inspection_cycle_master ("周期ID", "周期名", "周期日数", "説明") VALUES (8, '年次', 365, '年次実施');
INSERT INTO inspection_cycle_master ("周期ID", "周期名", "周期日数", "説明") VALUES (9, '2年', 730, '2年実施');
INSERT INTO inspection_cycle_master ("周期ID", "周期名", "周期日数", "説明") VALUES (10, '3年', 1095, '3年実施');

-- Insert data for equipment
INSERT INTO equipment ("設備ID", "設備名", "設備種別ID", "設備タグ", "設置場所", "製造者", "型式", "設置年月日", "稼働状態", "重要度") VALUES (EQ001, 'CNC旋盤1号機', 1, 'PE-001', '第1工場A棟', 'ヤマザキマザック', 'INTEGREX i-300', '2020-03-15', '稼働中', '高');
INSERT INTO equipment ("設備ID", "設備名", "設備種別ID", "設備タグ", "設置場所", "製造者", "型式", "設置年月日", "稼働状態", "重要度") VALUES (EQ002, 'マシニングセンタ1号機', 1, 'PE-002', '第1工場A棟', 'DMG森精機', 'DMU 50', '2019-07-20', '稼働中', '高');
INSERT INTO equipment ("設備ID", "設備名", "設備種別ID", "設備タグ", "設置場所", "製造者", "型式", "設置年月日", "稼働状態", "重要度") VALUES (EQ003, '研削盤1号機', 1, 'PE-003', '第1工場A棟', '岡本工作機械', 'PSG-52DX', '2021-01-10', '稼働中', '中');
INSERT INTO equipment ("設備ID", "設備名", "設備種別ID", "設備タグ", "設置場所", "製造者", "型式", "設置年月日", "稼働状態", "重要度") VALUES (EQ004, 'ボール盤1号機', 1, 'PE-004', '第1工場B棟', '日立工機', 'B13RH', '2018-11-05', '稼働中', '低');
INSERT INTO equipment ("設備ID", "設備名", "設備種別ID", "設備タグ", "設置場所", "製造者", "型式", "設置年月日", "稼働状態", "重要度") VALUES (EQ005, '送風機1号機', 2, 'RM-001', '動力棟', '三菱電機', 'SF-150', '2017-04-12', '稼働中', '高');
INSERT INTO equipment ("設備ID", "設備名", "設備種別ID", "設備タグ", "設置場所", "製造者", "型式", "設置年月日", "稼働状態", "重要度") VALUES (EQ006, 'ポンプ1号機', 2, 'RM-002', 'ポンプ室', '荏原製作所', '50DL51.5', '2019-09-18', '稼働中', '高');
INSERT INTO equipment ("設備ID", "設備名", "設備種別ID", "設備タグ", "設置場所", "製造者", "型式", "設置年月日", "稼働状態", "重要度") VALUES (EQ007, 'コンプレッサ1号機', 2, 'RM-003', '動力棟', '日立産機システム', 'DSP-22VN', '2020-06-25', '稼働中', '中');
INSERT INTO equipment ("設備ID", "設備名", "設備種別ID", "設備タグ", "設置場所", "製造者", "型式", "設置年月日", "稼働状態", "重要度") VALUES (EQ008, 'モータ1号機', 2, 'RM-004', '第1工場A棟', '東芝', 'IKH3-FBKAW21E', '2018-12-14', '稼働中', '中');
INSERT INTO equipment ("設備ID", "設備名", "設備種別ID", "設備タグ", "設置場所", "製造者", "型式", "設置年月日", "稼働状態", "重要度") VALUES (EQ009, '変圧器1号機', 3, 'EL-001', '受電室', '三菱電機', '1000kVA', '2016-08-30', '稼働中', '高');
INSERT INTO equipment ("設備ID", "設備名", "設備種別ID", "設備タグ", "設置場所", "製造者", "型式", "設置年月日", "稼働状態", "重要度") VALUES (EQ010, '配電盤1号機', 3, 'EL-002', '配電室', '河村電器産業', 'ENESTA', '2017-11-22', '稼働中', '高');
INSERT INTO equipment ("設備ID", "設備名", "設備種別ID", "設備タグ", "設置場所", "製造者", "型式", "設置年月日", "稼働状態", "重要度") VALUES (EQ011, '照明設備1号機', 3, 'EL-003', '第1工場A棟', 'パナソニック', 'LED', '2019-05-16', '稼働中', '低');
INSERT INTO equipment ("設備ID", "設備名", "設備種別ID", "設備タグ", "設置場所", "製造者", "型式", "設置年月日", "稼働状態", "重要度") VALUES (EQ012, '非常用発電機', 3, 'EL-004', '発電機室', 'ヤンマー', 'AG200S', '2018-02-28', '待機中', '高');
INSERT INTO equipment ("設備ID", "設備名", "設備種別ID", "設備タグ", "設置場所", "製造者", "型式", "設置年月日", "稼働状態", "重要度") VALUES (EQ013, '流量計1号機', 4, 'IN-001', '配管室', '横河電機', 'ADMAG AXF', '2020-10-08', '稼働中', '中');
INSERT INTO equipment ("設備ID", "設備名", "設備種別ID", "設備タグ", "設置場所", "製造者", "型式", "設置年月日", "稼働状態", "重要度") VALUES (EQ014, '圧力計1号機', 4, 'IN-002', '配管室', '長野計器', 'GV55', '2019-12-03', '稼働中', '中');
INSERT INTO equipment ("設備ID", "設備名", "設備種別ID", "設備タグ", "設置場所", "製造者", "型式", "設置年月日", "稼働状態", "重要度") VALUES (EQ015, '温度計1号機', 4, 'IN-003', '第1工場A棟', 'チノー', 'DB1000', '2021-03-17', '稼働中', '低');
INSERT INTO equipment ("設備ID", "設備名", "設備種別ID", "設備タグ", "設置場所", "製造者", "型式", "設置年月日", "稼働状態", "重要度") VALUES (EQ016, '制御盤1号機', 4, 'IN-004', '制御室', 'オムロン', 'CP1E', '2020-07-11', '稼働中', '高');
INSERT INTO equipment ("設備ID", "設備名", "設備種別ID", "設備タグ", "設置場所", "製造者", "型式", "設置年月日", "稼働状態", "重要度") VALUES (EQ017, '配管1号機', 5, 'PI-001', '第1工場地下', 'クボタ', 'GENEX', '2017-06-14', '稼働中', '中');
INSERT INTO equipment ("設備ID", "設備名", "設備種別ID", "設備タグ", "設置場所", "製造者", "型式", "設置年月日", "稼働状態", "重要度") VALUES (EQ018, '弁1号機', 5, 'PI-002', '配管室', 'キッツ', '10K', '2019-01-25', '稼働中', '中');
INSERT INTO equipment ("設備ID", "設備名", "設備種別ID", "設備タグ", "設置場所", "製造者", "型式", "設置年月日", "稼働状態", "重要度") VALUES (EQ019, 'エアコン1号機', 8, 'AC-001', '事務所', 'ダイキン', 'FHCP50DB', '2020-04-09', '稼働中', '中');
INSERT INTO equipment ("設備ID", "設備名", "設備種別ID", "設備タグ", "設置場所", "製造者", "型式", "設置年月日", "稼働状態", "重要度") VALUES (EQ020, '換気扇1号機', 8, 'VF-001', '第1工場A棟', '三菱電機', 'EX-25SC3-M', '2018-08-21', '稼働中', '低');

-- Insert data for work_order
INSERT INTO work_order ("作業指示ID", "設備ID", "作業種別ID", "作業内容", "優先度", "計画開始日時", "計画終了日時", "実際開始日時", "実際終了日時", "作業者ID", "状態", "備考") VALUES (WO001, EQ001, 2, '月次定期点検', '中', '2024-01-15 09:00:00', '2024-01-15 17:00:00', '2024-01-15 09:15:00', '2024-01-15 16:30:00', ST001, '完了', '正常');
INSERT INTO work_order ("作業指示ID", "設備ID", "作業種別ID", "作業内容", "優先度", "計画開始日時", "計画終了日時", "実際開始日時", "実際終了日時", "作業者ID", "状態", "備考") VALUES (WO002, EQ002, 1, '日常点検', '低', '2024-01-16 08:00:00', '2024-01-16 10:00:00', '2024-01-16 08:00:00', '2024-01-16 09:45:00', ST002, '完了', '正常');
INSERT INTO work_order ("作業指示ID", "設備ID", "作業種別ID", "作業内容", "優先度", "計画開始日時", "計画終了日時", "実際開始日時", "実際終了日時", "作業者ID", "状態", "備考") VALUES (WO003, EQ003, 4, '異音対応', '高', '2024-01-17 10:00:00', '2024-01-17 16:00:00', '2024-01-17 10:30:00', '2024-01-17 15:20:00', ST003, '完了', 'ベアリング交換');
INSERT INTO work_order ("作業指示ID", "設備ID", "作業種別ID", "作業内容", "優先度", "計画開始日時", "計画終了日時", "実際開始日時", "実際終了日時", "作業者ID", "状態", "備考") VALUES (WO004, EQ004, 7, '清掃作業', '低', '2024-01-18 14:00:00', '2024-01-18 15:00:00', '2024-01-18 14:10:00', '2024-01-18 14:50:00', ST004, '完了', '正常');
INSERT INTO work_order ("作業指示ID", "設備ID", "作業種別ID", "作業内容", "優先度", "計画開始日時", "計画終了日時", "実際開始日時", "実際終了日時", "作業者ID", "状態", "備考") VALUES (WO005, EQ005, 3, '予防保全', '中', '2024-01-19 09:00:00', '2024-01-19 13:00:00', '2024-01-19 09:20:00', '2024-01-19 12:40:00', ST005, '完了', 'フィルタ交換');
INSERT INTO work_order ("作業指示ID", "設備ID", "作業種別ID", "作業内容", "優先度", "計画開始日時", "計画終了日時", "実際開始日時", "実際終了日時", "作業者ID", "状態", "備考") VALUES (WO006, EQ006, 2, '定期点検', '中', '2024-01-20 10:00:00', '2024-01-20 18:00:00', '2024-01-20 10:15:00', '2024-01-20 17:45:00', ST006, '完了', '正常');
INSERT INTO work_order ("作業指示ID", "設備ID", "作業種別ID", "作業内容", "優先度", "計画開始日時", "計画終了日時", "実際開始日時", "実際終了日時", "作業者ID", "状態", "備考") VALUES (WO007, EQ007, 8, '部品交換', '高', '2024-01-21 08:00:00', '2024-01-21 10:00:00', '2024-01-21 08:30:00', '2024-01-21 09:50:00', ST007, '完了', 'オイル交換');
INSERT INTO work_order ("作業指示ID", "設備ID", "作業種別ID", "作業内容", "優先度", "計画開始日時", "計画終了日時", "実際開始日時", "実際終了日時", "作業者ID", "状態", "備考") VALUES (WO008, EQ008, 1, '日常点検', '低', '2024-01-22 08:00:00', '2024-01-22 10:00:00', '2024-01-22 08:05:00', '2024-01-22 09:30:00', ST008, '完了', '正常');
INSERT INTO work_order ("作業指示ID", "設備ID", "作業種別ID", "作業内容", "優先度", "計画開始日時", "計画終了日時", "実際開始日時", "実際終了日時", "作業者ID", "状態", "備考") VALUES (WO009, EQ009, 6, '校正作業', '中', '2024-01-23 09:00:00', '2024-01-23 12:00:00', '2024-01-23 09:10:00', '2024-01-23 11:45:00', ST009, '完了', '精度確認');
INSERT INTO work_order ("作業指示ID", "設備ID", "作業種別ID", "作業内容", "優先度", "計画開始日時", "計画終了日時", "実際開始日時", "実際終了日時", "作業者ID", "状態", "備考") VALUES (WO010, EQ010, 2, '定期点検', '中', '2024-01-24 13:00:00', '2024-01-24 21:00:00', '2024-01-24 13:20:00', '2024-01-24 20:30:00', ST010, '完了', '正常');
INSERT INTO work_order ("作業指示ID", "設備ID", "作業種別ID", "作業内容", "優先度", "計画開始日時", "計画終了日時", "実際開始日時", "実際終了日時", "作業者ID", "状態", "備考") VALUES (WO011, EQ011, 7, '清掃作業', '低', '2024-01-25 15:00:00', '2024-01-25 16:00:00', NULL, NULL, NULL, 'ST001', '計画中', NULL);
INSERT INTO work_order ("作業指示ID", "設備ID", "作業種別ID", "作業内容", "優先度", "計画開始日時", "計画終了日時", "実際開始日時", "実際終了日時", "作業者ID", "状態", "備考") VALUES (WO012, EQ012, 10, '年次検査', '高', '2024-01-26 08:00:00', '2024-01-26 12:00:00', NULL, NULL, NULL, 'ST002', '計画中', NULL);
INSERT INTO work_order ("作業指示ID", "設備ID", "作業種別ID", "作業内容", "優先度", "計画開始日時", "計画終了日時", "実際開始日時", "実際終了日時", "作業者ID", "状態", "備考") VALUES (WO013, EQ013, 6, '校正作業', '中', '2024-01-27 10:00:00', '2024-01-27 13:00:00', NULL, NULL, NULL, 'ST003', '計画中', NULL);
INSERT INTO work_order ("作業指示ID", "設備ID", "作業種別ID", "作業内容", "優先度", "計画開始日時", "計画終了日時", "実際開始日時", "実際終了日時", "作業者ID", "状態", "備考") VALUES (WO014, EQ014, 1, '日常点検', '低', '2024-01-28 08:00:00', '2024-01-28 10:00:00', NULL, NULL, NULL, 'ST004', '計画中', NULL);
INSERT INTO work_order ("作業指示ID", "設備ID", "作業種別ID", "作業内容", "優先度", "計画開始日時", "計画終了日時", "実際開始日時", "実際終了日時", "作業者ID", "状態", "備考") VALUES (WO015, EQ015, 3, '予防保全', '中', '2024-01-29 09:00:00', '2024-01-29 13:00:00', NULL, NULL, NULL, 'ST005', '計画中', NULL);

-- Insert data for maintenance_history
INSERT INTO maintenance_history ("履歴ID", "設備ID", "作業指示ID", "実施日", "作業者ID", "業者ID", "作業内容", "作業結果", "使用部品", "作業時間", "コスト", "次回推奨日") VALUES (MH001, EQ001, WO001, '2024-01-15', ST001, NULL, '月次定期点検', '良好', 'なし', 7.25, 15000, '2024-02-15');
INSERT INTO maintenance_history ("履歴ID", "設備ID", "作業指示ID", "実施日", "作業者ID", "業者ID", "作業内容", "作業結果", "使用部品", "作業時間", "コスト", "次回推奨日") VALUES (MH002, EQ002, WO002, '2024-01-16', ST002, NULL, '日常点検', '良好', 'なし', 1.75, 3500, '2024-01-17');
INSERT INTO maintenance_history ("履歴ID", "設備ID", "作業指示ID", "実施日", "作業者ID", "業者ID", "作業内容", "作業結果", "使用部品", "作業時間", "コスト", "次回推奨日") VALUES (MH003, EQ003, WO003, '2024-01-17', ST003, NULL, '異音対応', '修理完了', 'ベアリング', 4.83, 25000, '2024-02-17');
INSERT INTO maintenance_history ("履歴ID", "設備ID", "作業指示ID", "実施日", "作業者ID", "業者ID", "作業内容", "作業結果", "使用部品", "作業時間", "コスト", "次回推奨日") VALUES (MH004, EQ004, WO004, '2024-01-18', ST004, NULL, '清掃作業', '完了', 'なし', 0.67, 2000, '2024-02-18');
INSERT INTO maintenance_history ("履歴ID", "設備ID", "作業指示ID", "実施日", "作業者ID", "業者ID", "作業内容", "作業結果", "使用部品", "作業時間", "コスト", "次回推奨日") VALUES (MH005, EQ005, WO005, '2024-01-19', ST005, NULL, '予防保全', '良好', 'エアフィルタ', 3.33, 8000, '2024-04-19');
INSERT INTO maintenance_history ("履歴ID", "設備ID", "作業指示ID", "実施日", "作業者ID", "業者ID", "作業内容", "作業結果", "使用部品", "作業時間", "コスト", "次回推奨日") VALUES (MH006, EQ006, WO006, '2024-01-20', ST006, NULL, '定期点検', '良好', 'なし', 7.5, 16000, '2024-02-20');
INSERT INTO maintenance_history ("履歴ID", "設備ID", "作業指示ID", "実施日", "作業者ID", "業者ID", "作業内容", "作業結果", "使用部品", "作業時間", "コスト", "次回推奨日") VALUES (MH007, EQ007, WO007, '2024-01-21', ST007, NULL, '部品交換', '完了', 'エンジンオイル', 1.33, 5000, '2024-07-21');
INSERT INTO maintenance_history ("履歴ID", "設備ID", "作業指示ID", "実施日", "作業者ID", "業者ID", "作業内容", "作業結果", "使用部品", "作業時間", "コスト", "次回推奨日") VALUES (MH008, EQ008, WO008, '2024-01-22', ST008, NULL, '日常点検', '良好', 'なし', 1.42, 3000, '2024-01-23');
INSERT INTO maintenance_history ("履歴ID", "設備ID", "作業指示ID", "実施日", "作業者ID", "業者ID", "作業内容", "作業結果", "使用部品", "作業時間", "コスト", "次回推奨日") VALUES (MH009, EQ009, WO009, '2024-01-23', ST009, NULL, '校正作業', '校正完了', 'なし', 2.58, 12000, '2024-07-23');
INSERT INTO maintenance_history ("履歴ID", "設備ID", "作業指示ID", "実施日", "作業者ID", "業者ID", "作業内容", "作業結果", "使用部品", "作業時間", "コスト", "次回推奨日") VALUES (MH010, EQ010, WO010, '2024-01-24', ST010, NULL, '定期点検', '良好', 'なし', 7.17, 14000, '2024-02-24');
INSERT INTO maintenance_history ("履歴ID", "設備ID", "作業指示ID", "実施日", "作業者ID", "業者ID", "作業内容", "作業結果", "使用部品", "作業時間", "コスト", "次回推奨日") VALUES (MH011, EQ001, WO001, '2023-12-15', ST001, NULL, '月次定期点検', '良好', 'なし', 7.5, 15000, '2024-01-15');
INSERT INTO maintenance_history ("履歴ID", "設備ID", "作業指示ID", "実施日", "作業者ID", "業者ID", "作業内容", "作業結果", "使用部品", "作業時間", "コスト", "次回推奨日") VALUES (MH012, EQ002, WO002, '2023-12-16', ST002, NULL, '日常点検', '良好', 'なし', 1.83, 3500, '2024-01-16');
INSERT INTO maintenance_history ("履歴ID", "設備ID", "作業指示ID", "実施日", "作業者ID", "業者ID", "作業内容", "作業結果", "使用部品", "作業時間", "コスト", "次回推奨日") VALUES (MH013, EQ005, WO005, '2023-10-19', ST005, NULL, '予防保全', '良好', 'エアフィルタ', 3.5, 8000, '2024-01-19');
INSERT INTO maintenance_history ("履歴ID", "設備ID", "作業指示ID", "実施日", "作業者ID", "業者ID", "作業内容", "作業結果", "使用部品", "作業時間", "コスト", "次回推奨日") VALUES (MH014, EQ006, WO006, '2023-12-20', ST006, NULL, '定期点検', '良好', 'なし', 7.25, 16000, '2024-01-20');
INSERT INTO maintenance_history ("履歴ID", "設備ID", "作業指示ID", "実施日", "作業者ID", "業者ID", "作業内容", "作業結果", "使用部品", "作業時間", "コスト", "次回推奨日") VALUES (MH015, EQ007, WO007, '2023-07-21', ST007, NULL, '部品交換', '完了', 'エンジンオイル', 1.5, 5000, '2024-01-21');

-- Insert data for inspection_plan
INSERT INTO inspection_plan ("計画ID", "設備ID", "周期ID", "点検項目", "最終点検日", "次回点検日", "担当者ID", "状態", "備考") VALUES (IP001, EQ001, 4, '回転精度測定', '2024-01-15', '2024-02-15', ST001, '計画済', 'マンスリー点検');
INSERT INTO inspection_plan ("計画ID", "設備ID", "周期ID", "点検項目", "最終点検日", "次回点検日", "担当者ID", "状態", "備考") VALUES (IP002, EQ001, 8, 'オーバーホール', '2023-03-15', '2024-03-15', ST001, '計画済', '年次点検');
INSERT INTO inspection_plan ("計画ID", "設備ID", "周期ID", "点検項目", "最終点検日", "次回点検日", "担当者ID", "状態", "備考") VALUES (IP003, EQ002, 4, '加工精度確認', '2024-01-16', '2024-02-16', ST002, '計画済', 'マンスリー点検');
INSERT INTO inspection_plan ("計画ID", "設備ID", "周期ID", "点検項目", "最終点検日", "次回点検日", "担当者ID", "状態", "備考") VALUES (IP004, EQ002, 6, '主軸交換', '2023-07-16', '2024-01-16', ST002, '完了', '四半期点検');
INSERT INTO inspection_plan ("計画ID", "設備ID", "周期ID", "点検項目", "最終点検日", "次回点検日", "担当者ID", "状態", "備考") VALUES (IP005, EQ003, 4, '研削精度測定', '2024-01-17', '2024-02-17', ST003, '計画済', 'マンスリー点検');
INSERT INTO inspection_plan ("計画ID", "設備ID", "周期ID", "点検項目", "最終点検日", "次回点検日", "担当者ID", "状態", "備考") VALUES (IP006, EQ004, 2, '穴あけ精度確認', '2024-01-18', '2024-01-25', ST004, '計画済', 'ウィークリー点検');
INSERT INTO inspection_plan ("計画ID", "設備ID", "周期ID", "点検項目", "最終点検日", "次回点検日", "担当者ID", "状態", "備考") VALUES (IP007, EQ005, 3, '風量測定', '2024-01-19', '2024-02-02', ST005, '計画済', '隔週点検');
INSERT INTO inspection_plan ("計画ID", "設備ID", "周期ID", "点検項目", "最終点検日", "次回点検日", "担当者ID", "状態", "備考") VALUES (IP008, EQ005, 6, 'フィルタ交換', '2023-10-19', '2024-01-19', ST005, '完了', '四半期点検');
INSERT INTO inspection_plan ("計画ID", "設備ID", "周期ID", "点検項目", "最終点検日", "次回点検日", "担当者ID", "状態", "備考") VALUES (IP009, EQ006, 4, '流量・圧力確認', '2024-01-20', '2024-02-20', ST006, '計画済', 'マンスリー点検');
INSERT INTO inspection_plan ("計画ID", "設備ID", "周期ID", "点検項目", "最終点検日", "次回点検日", "担当者ID", "状態", "備考") VALUES (IP010, EQ006, 7, 'ポンプ分解点検', '2023-07-20', '2024-01-20', ST006, '計画済', '半年点検');
INSERT INTO inspection_plan ("計画ID", "設備ID", "周期ID", "点検項目", "最終点検日", "次回点検日", "担当者ID", "状態", "備考") VALUES (IP011, EQ007, 5, '圧縮空気品質確認', '2024-01-21', '2024-03-21', ST007, '計画済', '隔月点検');
INSERT INTO inspection_plan ("計画ID", "設備ID", "周期ID", "点検項目", "最終点検日", "次回点検日", "担当者ID", "状態", "備考") VALUES (IP012, EQ007, 7, 'オイル交換', '2023-07-21', '2024-01-21', ST007, '完了', '半年点検');
INSERT INTO inspection_plan ("計画ID", "設備ID", "周期ID", "点検項目", "最終点検日", "次回点検日", "担当者ID", "状態", "備考") VALUES (IP013, EQ008, 4, '絶縁抵抗測定', '2024-01-22', '2024-02-22', ST008, '計画済', 'マンスリー点検');
INSERT INTO inspection_plan ("計画ID", "設備ID", "周期ID", "点検項目", "最終点検日", "次回点検日", "担当者ID", "状態", "備考") VALUES (IP014, EQ009, 8, '絶縁試験', '2023-01-23', '2024-01-23', ST009, '計画済', '年次点検');
INSERT INTO inspection_plan ("計画ID", "設備ID", "周期ID", "点検項目", "最終点検日", "次回点検日", "担当者ID", "状態", "備考") VALUES (IP015, EQ009, 4, '負荷試験', '2024-01-23', '2024-02-23', ST009, '計画済', 'マンスリー点検');
INSERT INTO inspection_plan ("計画ID", "設備ID", "周期ID", "点検項目", "最終点検日", "次回点検日", "担当者ID", "状態", "備考") VALUES (IP016, EQ010, 6, '継電器試験', '2023-07-24', '2024-01-24', ST010, '計画済', '四半期点検');
INSERT INTO inspection_plan ("計画ID", "設備ID", "周期ID", "点検項目", "最終点検日", "次回点検日", "担当者ID", "状態", "備考") VALUES (IP017, EQ011, 6, '照度測定', '2023-07-25', '2024-01-25', ST001, '計画済', '四半期点検');
INSERT INTO inspection_plan ("計画ID", "設備ID", "周期ID", "点検項目", "最終点検日", "次回点検日", "担当者ID", "状態", "備考") VALUES (IP018, EQ012, 8, '発電機負荷試験', '2023-01-26', '2024-01-26', ST002, '計画済', '年次点検');
INSERT INTO inspection_plan ("計画ID", "設備ID", "周期ID", "点検項目", "最終点検日", "次回点検日", "担当者ID", "状態", "備考") VALUES (IP019, EQ013, 6, '校正確認', '2023-07-27', '2024-01-27', ST003, '計画済', '四半期点検');
INSERT INTO inspection_plan ("計画ID", "設備ID", "周期ID", "点検項目", "最終点検日", "次回点検日", "担当者ID", "状態", "備考") VALUES (IP020, EQ014, 6, '精度確認', '2023-07-28', '2024-01-28', ST004, '計画済', '四半期点検');

-- Insert data for anomaly_report
INSERT INTO anomaly_report ("報告ID", "設備ID", "発生日時", "発見者ID", "異常種別", "重大度", "症状", "原因", "対処方法", "状態", "報告日時", "解決日時") VALUES (AR001, EQ003, '2024-01-17 09:30:00', ST003, '異音', '中', '研削時に異音発生', 'ベアリング摩耗', 'ベアリング交換', '解決済', '2024-01-17 09:45:00', '2024-01-17 15:20:00');
INSERT INTO anomaly_report ("報告ID", "設備ID", "発生日時", "発見者ID", "異常種別", "重大度", "症状", "原因", "対処方法", "状態", "報告日時", "解決日時") VALUES (AR002, EQ005, '2024-01-12 14:20:00', ST005, '性能低下', '低', '風量不足', 'フィルタ詰まり', 'フィルタ清掃・交換', '解決済', '2024-01-12 14:30:00', '2024-01-19 12:40:00');
INSERT INTO anomaly_report ("報告ID", "設備ID", "発生日時", "発見者ID", "異常種別", "重大度", "症状", "原因", "対処方法", "状態", "報告日時", "解決日時") VALUES (AR003, EQ009, '2024-01-10 10:15:00', ST009, '警報', '高', '過負荷警報', '負荷機器異常', '負荷切り離し', '解決済', '2024-01-10 10:20:00', '2024-01-10 11:30:00');
INSERT INTO anomaly_report ("報告ID", "設備ID", "発生日時", "発見者ID", "異常種別", "重大度", "症状", "原因", "対処方法", "状態", "報告日時", "解決日時") VALUES (AR004, EQ006, '2024-01-08 16:45:00', ST006, '漏れ', '中', 'オイル漏れ発見', 'パッキン劣化', 'パッキン交換', '解決済', '2024-01-08 17:00:00', '2024-01-09 14:20:00');
INSERT INTO anomaly_report ("報告ID", "設備ID", "発生日時", "発見者ID", "異常種別", "重大度", "症状", "原因", "対処方法", "状態", "報告日時", "解決日時") VALUES (AR005, EQ002, '2024-01-05 11:30:00', ST002, '精度異常', '高', '加工寸法不良', '工具摩耗', '工具交換・再調整', '解決済', '2024-01-05 11:45:00', '2024-01-05 16:15:00');
INSERT INTO anomaly_report ("報告ID", "設備ID", "発生日時", "発見者ID", "異常種別", "重大度", "症状", "原因", "対処方法", "状態", "報告日時", "解決日時") VALUES (AR006, EQ011, '2024-01-25 08:00:00', ST001, '照明不良', '低', '一部LED点灯せず', 'LED素子故障', 'LED交換予定', '対応中', '2024-01-25 08:15:00', NULL);
INSERT INTO anomaly_report ("報告ID", "設備ID", "発生日時", "発見者ID", "異常種別", "重大度", "症状", "原因", "対処方法", "状態", "報告日時", "解決日時") VALUES (AR007, EQ013, '2024-01-24 13:20:00', ST003, '指示値異常', '中', '流量計指示値ずれ', 'センサー汚れ', 'センサー清掃予定', '対応中', '2024-01-24 13:30:00', NULL);
INSERT INTO anomaly_report ("報告ID", "設備ID", "発生日時", "発見者ID", "異常種別", "重大度", "症状", "原因", "対処方法", "状態", "報告日時", "解決日時") VALUES (AR008, EQ007, '2024-01-23 15:40:00', ST007, '振動', '低', '運転時微振動', 'マウント劣化', 'マウント交換予定', '対応中', '2024-01-23 15:50:00', NULL);
INSERT INTO anomaly_report ("報告ID", "設備ID", "発生日時", "発見者ID", "異常種別", "重大度", "症状", "原因", "対処方法", "状態", "報告日時", "解決日時") VALUES (AR009, EQ004, '2024-01-22 10:10:00', ST004, '動作不良', '中', '送り速度異常', 'モーター異常', 'モーター点検予定', '対応中', '2024-01-22 10:20:00', NULL);
INSERT INTO anomaly_report ("報告ID", "設備ID", "発生日時", "発見者ID", "異常種別", "重大度", "症状", "原因", "対処方法", "状態", "報告日時", "解決日時") VALUES (AR010, EQ015, '2024-01-21 14:30:00', ST005, '表示異常', '低', '温度表示エラー', '配線接触不良', '配線点検予定', '対応中', '2024-01-21 14:45:00', NULL);
INSERT INTO anomaly_report ("報告ID", "設備ID", "発生日時", "発見者ID", "異常種別", "重大度", "症状", "原因", "対処方法", "状態", "報告日時", "解決日時") VALUES (AR011, EQ008, '2024-01-20 09:20:00', ST008, '過熱', '高', 'モーター過熱', '冷却ファン故障', 'ファン交換', '解決済', '2024-01-20 09:30:00', '2024-01-20 14:45:00');
INSERT INTO anomaly_report ("報告ID", "設備ID", "発生日時", "発見者ID", "異常種別", "重大度", "症状", "原因", "対処方法", "状態", "報告日時", "解決日時") VALUES (AR012, EQ010, '2024-01-18 11:50:00', ST010, '接触不良', '中', '接点焼損', '経年劣化', '接点交換', '解決済', '2024-01-18 12:00:00', '2024-01-18 17:30:00');
INSERT INTO anomaly_report ("報告ID", "設備ID", "発生日時", "発見者ID", "異常種別", "重大度", "症状", "原因", "対処方法", "状態", "報告日時", "解決日時") VALUES (AR013, EQ012, '2024-01-15 07:30:00', ST002, '始動不良', '高', '発電機始動せず', 'バッテリー上がり', 'バッテリー交換', '解決済', '2024-01-15 07:45:00', '2024-01-15 09:20:00');
INSERT INTO anomaly_report ("報告ID", "設備ID", "発生日時", "発見者ID", "異常種別", "重大度", "症状", "原因", "対処方法", "状態", "報告日時", "解決日時") VALUES (AR014, EQ001, '2024-01-10 16:20:00', ST001, '切削不良', '中', '表面粗さ悪化', '切削油不足', '切削油補給', '解決済', '2024-01-10 16:30:00', '2024-01-10 17:00:00');
INSERT INTO anomaly_report ("報告ID", "設備ID", "発生日時", "発見者ID", "異常種別", "重大度", "症状", "原因", "対処方法", "状態", "報告日時", "解決日時") VALUES (AR015, EQ016, '2024-01-08 13:40:00', ST004, '通信エラー', '低', 'PLC通信異常', 'ケーブル接触不良', 'ケーブル点検', '解決済', '2024-01-08 13:50:00', '2024-01-08 15:15:00');


