-- Insert sample data for CMMS database

-- Equipment Type Master
INSERT INTO equipment_type_master ("設備種別ID", "設備種別名", "説明") VALUES 
(1, '精機器', '高精度な機械設備'),
(2, '回転機', '回転する機械設備'),
(3, '電気設備', '電気関連設備'),
(4, '計装設備', '計測・制御設備'),
(5, '配管設備', '配管・弁類'),
(6, '建屋設備', '建屋・構造物'),
(7, '安全設備', '安全関連設備'),
(8, '環境設備', '環境制御設備');

-- Work Type Master
INSERT INTO work_type_master ("作業種別ID", "作業種別名", "説明", "標準作業時間") VALUES 
(1, '日常点検', '定期的な日常点検作業', 2),
(2, '定期点検', '月次・年次の定期点検', 8),
(3, '予防保全', '予防保全作業', 4),
(4, '事後保全', '故障修理・対応作業', 6),
(5, 'オーバーホール', '大規模な分解整備', 24),
(6, '校正・調整', '計測器の校正・調整', 3),
(7, '清掃・清拭', '設備清掃作業', 1),
(8, '交換・取替', '部品交換作業', 2),
(9, '改造・改修', '設備改造・改修作業', 16),
(10, '検査・試験', '各種検査・試験作業', 4);

-- Staff Master
INSERT INTO staff_master ("担当者ID", "氏名", "部署", "役職", "専門分野", "連絡先") VALUES 
('ST001', '田中太郎', '保全部', '主任', '機械', 'tanaka@company.com'),
('ST002', '鈴木花子', '保全部', '技師', '電気', 'suzuki@company.com'),
('ST003', '佐藤次郎', '保全部', '技師', '計装', 'sato@company.com'),
('ST004', '山田三郎', '保全部', '係長', '機械', 'yamada@company.com'),
('ST005', '高橋美由紀', '保全部', '技師', '配管', 'takahashi@company.com'),
('ST006', '渡辺健一', '保全部', '主任', '電気', 'watanabe@company.com'),
('ST007', '伊藤智子', '保全部', '技師', '計装', 'ito@company.com'),
('ST008', '中村大輔', '保全部', '技師', '機械', 'nakamura@company.com'),
('ST009', '小林優子', '品質管理部', '主任', '検査', 'kobayashi@company.com'),
('ST010', '加藤雄一', '安全管理部', '係長', '安全', 'kato@company.com');

-- Contractor Master
INSERT INTO contractor_master ("業者ID", "業者名", "業者種別", "専門分野", "連絡先", "担当者名", "契約開始日", "契約終了日") VALUES 
('CT001', '東京メンテナンス株式会社', '保全業者', '機械保全', '03-1234-5678', '田村課長', '2023-04-01', '2024-03-31'),
('CT002', '関東電気工事株式会社', '電気業者', '電気工事', '03-2345-6789', '石川主任', '2023-04-01', '2024-03-31'),
('CT003', '日本計装サービス株式会社', '計装業者', '計装保全', '03-3456-7890', '森田係長', '2023-04-01', '2024-03-31'),
('CT004', 'プラント配管工業株式会社', '配管業者', '配管工事', '03-4567-8901', '中島部長', '2023-04-01', '2024-03-31'),
('CT005', '安全機器メンテナンス株式会社', '安全設備業者', '安全機器', '03-5678-9012', '吉田主任', '2023-04-01', '2024-03-31'),
('CT006', '環境設備サービス株式会社', '環境業者', '環境設備', '03-6789-0123', '松本係長', '2023-04-01', '2024-03-31'),
('CT007', '精密機器調整株式会社', '精密機器業者', '精密機器', '03-7890-1234', '井上技師', '2023-04-01', '2024-03-31'),
('CT008', '回転機械専門株式会社', '回転機業者', '回転機械', '03-8901-2345', '橋本主任', '2023-04-01', '2024-03-31');

-- Inspection Cycle Master
INSERT INTO inspection_cycle_master ("周期ID", "周期名", "周期日数", "説明") VALUES 
(1, '毎日', 1, '毎日実施'),
(2, '毎週', 7, '毎週実施'),
(3, '隔週', 14, '隔週実施'),
(4, '毎月', 30, '毎月実施'),
(5, '隔月', 60, '隔月実施'),
(6, '四半期', 90, '四半期実施'),
(7, '半年', 180, '半年実施'),
(8, '年次', 365, '年次実施'),
(9, '2年', 730, '2年実施'),
(10, '3年', 1095, '3年実施');

-- Equipment
INSERT INTO equipment ("設備ID", "設備名", "設備種別ID", "設備タグ", "設置場所", "製造者", "型式", "設置年月日", "稼働状態", "重要度") VALUES 
('EQ001', 'CNC旋盤1号機', 1, 'PE-001', '第1工場A棟', 'ヤマザキマザック', 'INTEGREX i-300', '2020-03-15', '稼働中', '高'),
('EQ002', 'マシニングセンタ1号機', 1, 'PE-002', '第1工場A棟', 'DMG森精機', 'DMU 50', '2019-07-20', '稼働中', '高'),
('EQ003', '研削盤1号機', 1, 'PE-003', '第1工場A棟', '岡本工作機械', 'PSG-52DX', '2021-01-10', '稼働中', '中'),
('EQ004', 'ボール盤1号機', 1, 'PE-004', '第1工場B棟', '日立工機', 'B13RH', '2018-11-05', '稼働中', '低'),
('EQ005', '送風機1号機', 2, 'RM-001', '動力棟', '三菱電機', 'SF-150', '2017-04-12', '稼働中', '高'),
('EQ006', 'ポンプ1号機', 2, 'RM-002', 'ポンプ室', '荏原製作所', '50DL51.5', '2019-09-18', '稼働中', '高'),
('EQ007', 'コンプレッサ1号機', 2, 'RM-003', '動力棟', '日立産機システム', 'DSP-22VN', '2020-06-25', '稼働中', '中'),
('EQ008', 'モータ1号機', 2, 'RM-004', '第1工場A棟', '東芝', 'IKH3-FBKAW21E', '2018-12-14', '稼働中', '中'),
('EQ009', '変圧器1号機', 3, 'EL-001', '受電室', '三菱電機', '1000kVA', '2016-08-30', '稼働中', '高'),
('EQ010', '配電盤1号機', 3, 'EL-002', '配電室', '河村電器産業', 'ENESTA', '2017-11-22', '稼働中', '高'),
('EQ011', '照明設備1号機', 3, 'EL-003', '第1工場A棟', 'パナソニック', 'LED', '2019-05-16', '稼働中', '低'),
('EQ012', '非常用発電機', 3, 'EL-004', '発電機室', 'ヤンマー', 'AG200S', '2018-02-28', '待機中', '高'),
('EQ013', '流量計1号機', 4, 'IN-001', '配管室', '横河電機', 'ADMAG AXF', '2020-10-08', '稼働中', '中'),
('EQ014', '圧力計1号機', 4, 'IN-002', '配管室', '長野計器', 'GV55', '2019-12-03', '稼働中', '中'),
('EQ015', '温度計1号機', 4, 'IN-003', '第1工場A棟', 'チノー', 'DB1000', '2021-03-17', '稼働中', '低'),
('EQ016', '制御盤1号機', 4, 'IN-004', '制御室', 'オムロン', 'CP1E', '2020-07-11', '稼働中', '高'),
('EQ017', '配管1号機', 5, 'PI-001', '第1工場地下', 'クボタ', 'GENEX', '2017-06-14', '稼働中', '中'),
('EQ018', '弁1号機', 5, 'PI-002', '配管室', 'キッツ', '10K', '2019-01-25', '稼働中', '中'),
('EQ019', 'エアコン1号機', 8, 'AC-001', '事務所', 'ダイキン', 'FHCP50DB', '2020-04-09', '稼働中', '中'),
('EQ020', '換気扇1号機', 8, 'VF-001', '第1工場A棟', '三菱電機', 'EX-25SC3-M', '2018-08-21', '稼働中', '低');